Date,Link,Message
2023-06-04 05:11:03,https://www.linkedin.com/feed/update/urn%3Ali%3AugcPost%3A7070961084504887296,Congratulations Sushruth Beeti
2023-05-19 05:48:27,https://www.linkedin.com/feed/update/urn%3Ali%3Aactivity%3A7065071162027847680,Congratulations Anurag Kacham
2023-01-31 01:32:56,https://www.linkedin.com/feed/update/urn%3Ali%3Aactivity%3A7025986731690577920,Congratulations Shaista‚Ä¶..ü•Åü•Å
2023-01-24 00:14:30,https://www.linkedin.com/feed/update/urn%3Ali%3AugcPost%3A7023430778676019200,Congratulations Greeshma
2023-01-23 15:46:08,https://www.linkedin.com/feed/update/urn%3Ali%3AugcPost%3A7023292772270927872,Congrats Akshar
2023-01-18 18:03:06,https://www.linkedin.com/feed/update/urn%3Ali%3AugcPost%3A7021530154824843264,Congrats Alekya
2022-10-24 22:58:25,https://www.linkedin.com/feed/update/urn%3Ali%3AugcPost%3A6990441171764310016,Congratulations and All the best REVANTH
2022-09-17 00:06:25,https://www.linkedin.com/feed/update/urn%3Ali%3Aactivity%3A6976690597256466432,Congrats Salil
2022-06-26 19:51:26,https://www.linkedin.com/feed/update/urn%3Ali%3Aactivity%3A6946625312558370816,Congratulations Aditya Bhide
2022-05-29 03:41:52,https://www.linkedin.com/feed/update/urn%3Ali%3AugcPost%3A6936399995122192385,Congratulations Tulasi
2022-05-25 21:15:33,https://www.linkedin.com/feed/update/urn%3Ali%3AugcPost%3A6935228631346548736,Congrats Omkar
2022-05-08 16:39:53,https://www.linkedin.com/feed/update/urn%3Ali%3Aactivity%3A6928183535199510528,Congratulations Ritvik
2022-04-11 20:37:35,https://www.linkedin.com/feed/update/urn%3Ali%3AugcPost%3A6919373197129715712,Congratulations
2022-03-25 08:11:27,https://www.linkedin.com/feed/update/urn%3Ali%3Aactivity%3A6910726540179714048,Thanks Kushal
2022-03-22 12:31:03,https://www.linkedin.com/feed/update/urn%3Ali%3Aactivity%3A6910726540179714048,Thanks Rajvi
2022-03-22 05:01:21,https://www.linkedin.com/feed/update/urn%3Ali%3Aactivity%3A6910726540179714048,Thanks Kartik
2022-03-21 21:24:30,https://www.linkedin.com/feed/update/urn%3Ali%3Aactivity%3A6910726540179714048,Thanks a lot Alekya
2022-03-20 14:53:23,https://www.linkedin.com/feed/update/urn%3Ali%3Aactivity%3A6910726540179714048,Thanks a lot Shreya
2022-03-20 05:44:06,https://www.linkedin.com/feed/update/urn%3Ali%3Aactivity%3A6910726540179714048,Thank you so much Rasika
2022-03-20 02:41:57,https://www.linkedin.com/feed/update/urn%3Ali%3Aactivity%3A6910726540179714048,Thanks a lot Bindu
2022-03-19 18:52:43,https://www.linkedin.com/feed/update/urn%3Ali%3Aactivity%3A6910726540179714048,Thanks Shree
2022-03-19 18:52:23,https://www.linkedin.com/feed/update/urn%3Ali%3Aactivity%3A6910726540179714048,Thank you so much
2022-03-19 18:52:13,https://www.linkedin.com/feed/update/urn%3Ali%3Aactivity%3A6910726540179714048,Thanks Sai Tulasi
2022-03-19 18:51:28,https://www.linkedin.com/feed/update/urn%3Ali%3Aactivity%3A6910726540179714048,Thanks bro
2022-03-19 18:51:14,https://www.linkedin.com/feed/update/urn%3Ali%3Aactivity%3A6910726540179714048,Thanks Bharadwaj
2022-03-19 18:51:02,https://www.linkedin.com/feed/update/urn%3Ali%3Aactivity%3A6910726540179714048,Thanks man
2022-03-19 18:50:50,https://www.linkedin.com/feed/update/urn%3Ali%3Aactivity%3A6910726540179714048,Thanks Mahesh
2022-03-19 04:39:51,https://www.linkedin.com/feed/update/urn%3Ali%3Aactivity%3A6910726540179714048,Thanks Teja
2022-03-19 04:39:30,https://www.linkedin.com/feed/update/urn%3Ali%3Aactivity%3A6910726540179714048,Thanks a lot Tolu
2022-03-19 04:39:09,https://www.linkedin.com/feed/update/urn%3Ali%3Aactivity%3A6910726540179714048,Thanks Shubham
2022-03-19 03:41:41,https://www.linkedin.com/feed/update/urn%3Ali%3Aactivity%3A6910726540179714048,Thanks Aditya
2022-03-19 03:41:07,https://www.linkedin.com/feed/update/urn%3Ali%3Aactivity%3A6910726540179714048,Thanks a lot Sayli
2022-03-19 01:48:41,https://www.linkedin.com/feed/update/urn%3Ali%3Aactivity%3A6910726540179714048,Thanks Sriram
2022-03-19 01:48:30,https://www.linkedin.com/feed/update/urn%3Ali%3Aactivity%3A6910726540179714048,Thanks Dheeraj
2022-03-19 01:48:16,https://www.linkedin.com/feed/update/urn%3Ali%3Aactivity%3A6910726540179714048,Thanks a lot brother
2022-03-19 01:47:54,https://www.linkedin.com/feed/update/urn%3Ali%3Aactivity%3A6910726540179714048,Thanks Sushruth for all the suggestions
2022-03-19 01:47:19,https://www.linkedin.com/feed/update/urn%3Ali%3Aactivity%3A6910726540179714048,Thanks Ritvik
2022-03-19 00:17:07,https://www.linkedin.com/feed/update/urn%3Ali%3Aactivity%3A6910014106695544832,Dheeraj Reddy K
2022-03-19 00:15:01,https://www.linkedin.com/feed/update/urn%3Ali%3Aactivity%3A6910726540179714048,Thanks a lot Aarefa
2022-03-19 00:03:48,https://www.linkedin.com/feed/update/urn%3Ali%3Aactivity%3A6910726540179714048,Thank you so much Shaista
2022-03-19 00:03:28,https://www.linkedin.com/feed/update/urn%3Ali%3Aactivity%3A6910726540179714048,Thanks a lot Bhavik.
2022-03-19 00:03:09,https://www.linkedin.com/feed/update/urn%3Ali%3Aactivity%3A6910726540179714048,Thank you Akshar
2022-03-19 00:02:50,https://www.linkedin.com/feed/update/urn%3Ali%3Aactivity%3A6910726540179714048,Thanks Varsha
2022-03-19 00:02:22,https://www.linkedin.com/feed/update/urn%3Ali%3Aactivity%3A6910726540179714048,Thanks SAM
2022-03-19 00:01:21,https://www.linkedin.com/feed/update/urn%3Ali%3Aactivity%3A6910682620662022144,Congratulations Varsha Venkatesh
2022-03-04 01:36:58,https://www.linkedin.com/feed/update/urn%3Ali%3AugcPost%3A6905320767689764864,Congratulations sam
2021-07-02 17:26:12,https://www.linkedin.com/feed/update/urn%3Ali%3AugcPost%3A6816750233888935936,Great work Shree Hari BOYALA
2021-06-07 06:04:17,https://www.linkedin.com/feed/update/urn%3Ali%3Aactivity%3A6807543100202897408,Congrats Shreya
2021-05-09 09:58:40,https://www.linkedin.com/feed/update/urn%3Ali%3Aactivity%3A6797014356904308736,Congrats ra BHUPATHI ASHRITH
2020-09-08 15:52:14,https://www.linkedin.com/feed/update/urn%3Ali%3Aactivity%3A6709118116246364160,Good Work Nikil Alakunta
2020-08-28 18:36:48,https://www.linkedin.com/feed/update/urn%3Ali%3Aactivity%3A6705044902968877056,Well explained Nikil Alakunta
2020-08-25 06:26:54,https://www.linkedin.com/feed/update/urn%3Ali%3Aactivity%3A6702805064521662464,Bootcamp

2020-08-15 12:51:23,https://www.linkedin.com/feed/update/urn%3Ali%3Aactivity%3A6699241669591613440,Interested
2020-08-15 10:53:03,https://www.linkedin.com/feed/update/urn%3Ali%3Aactivity%3A6699965916957941760,interested
nikhilmalkari@yahoo.com
2020-08-14 07:29:32,https://www.linkedin.com/feed/update/urn%3Ali%3Aactivity%3A6699870065849864192,#ScholarshipTrack

2020-06-07 16:10:43,https://www.linkedin.com/feed/update/urn%3Ali%3Aactivity%3A6674993776097837056,Interested data science and machine learning
2020-06-05 19:27:29,https://www.linkedin.com/feed/update/urn%3Ali%3Aactivity%3A6674275817440321536,Interested
2020-06-04 06:01:07,https://www.linkedin.com/feed/update/urn%3Ali%3Aactivity%3A6673783569934090240,Hi
2020-06-01 10:43:22,https://www.linkedin.com/feed/update/urn%3Ali%3Aactivity%3A6669102866608857088,SVSS Bhavik Kollipara
2020-05-25 15:28:13,https://www.linkedin.com/feed/update/urn%3Ali%3Aactivity%3A6670319231332159488,Interested
Data Science intern
nikhilmalkari@yahoo.com
2020-05-25 15:27:48,https://www.linkedin.com/feed/update/urn%3Ali%3Aactivity%3A6670319231332159488,SVSS Bhavik Kollipara 
Shree Hari B
2020-05-24 19:26:11,https://www.linkedin.com/feed/update/urn%3Ali%3Aactivity%3A6669843309114068992,interested
analyst
2020-05-24 19:14:18,https://www.linkedin.com/feed/update/urn%3Ali%3Aactivity%3A6670259249311997952,interested 
nikhilmalkari@yahoo.com

2020-05-20 09:16:36,https://www.linkedin.com/feed/update/urn%3Ali%3Aactivity%3A6668501623712612353,Interested
2020-05-20 07:27:01,https://www.linkedin.com/feed/update/urn%3Ali%3Aactivity%3A6667110204976574464,interested
nikhilmalkari@yahoo.com

2020-05-19 19:41:40,https://www.linkedin.com/feed/update/urn%3Ali%3Aactivity%3A6665293421386833920,nikhilmalkari@yahoo.com
2020-05-19 19:40:25,https://www.linkedin.com/feed/update/urn%3Ali%3Aactivity%3A6666718053042151425,Shree Hari B
2020-05-19 19:40:18,https://www.linkedin.com/feed/update/urn%3Ali%3Aactivity%3A6666718053042151425,SVSS Bhavik Kollipara
2020-05-19 10:46:55,https://www.linkedin.com/feed/update/urn%3Ali%3Aactivity%3A6668384109796184064,interested 
2020-05-18 15:03:36,https://www.linkedin.com/feed/update/urn%3Ali%3Aactivity%3A6667625713568497664,Interested
2020-05-18 14:59:52,https://www.linkedin.com/feed/update/urn%3Ali%3Aactivity%3A6668030996501401600,Interested
2020-05-18 05:15:20,https://www.linkedin.com/feed/update/urn%3Ali%3Aactivity%3A6667357476129775616,Interested
nikhilmalkari@yahoo.com
2020-05-17 18:44:06,https://www.linkedin.com/feed/update/urn%3Ali%3Aactivity%3A6667739910100918272,Interested 
nikhilmalkari@yahoo.com
2020-05-17 18:40:34,https://www.linkedin.com/feed/update/urn%3Ali%3Aactivity%3A6665890867582251009,Interested
2020-05-17 18:38:07,https://www.linkedin.com/feed/update/urn%3Ali%3Aactivity%3A6665560664976818176,Interested 
nikhilmalkari@yahoo.com
2020-05-17 18:36:32,https://www.linkedin.com/feed/update/urn%3Ali%3Aactivity%3A6667465232102895616,Interested
nikhilmalkari@yahoo.com
2020-05-15 04:24:06,https://www.linkedin.com/feed/update/urn%3Ali%3Aactivity%3A6666601549365694464,Interested
2020-05-12 14:10:32,https://www.linkedin.com/feed/update/urn%3Ali%3Aactivity%3A6665853310957957120,Add me
