Date,Type,Link
8/18/23 6:10,ENTERTAINMENT,https://www.linkedin.com/feed/update/urn%3Ali%3Aactivity%3A7098167481508233216
8/8/23 15:07,ENTERTAINMENT,https://www.linkedin.com/feed/update/urn%3Ali%3Aactivity%3A7094688884223070208
7/27/23 18:25,LIKE,https://www.linkedin.com/feed/update/urn%3Ali%3Aactivity%3A7090387049349869568
7/26/23 17:53,LIKE,https://www.linkedin.com/feed/update/urn%3Ali%3Aactivity%3A7090016176545689600
7/24/23 13:29,LIKE,https://www.linkedin.com/feed/update/urn%3Ali%3Aactivity%3A7088419907809259520
7/24/23 12:39,LIKE,https://www.linkedin.com/feed/update/urn%3Ali%3Aactivity%3A7089119041583235072
7/21/23 18:50,LIKE,https://www.linkedin.com/feed/update/urn%3Ali%3Aactivity%3A7088206284075798529
7/21/23 18:45,LIKE,https://www.linkedin.com/feed/update/urn%3Ali%3Aactivity%3A7088199909555781632
7/20/23 14:44,LIKE,https://www.linkedin.com/feed/update/urn%3Ali%3AugcPost%3A7087587133762191360
7/20/23 14:43,LIKE,https://www.linkedin.com/feed/update/urn%3Ali%3Aactivity%3A7087609772388065280
7/19/23 19:16,LIKE,https://www.linkedin.com/feed/update/urn%3Ali%3AugcPost%3A7087490065513209856
7/16/23 23:42,LIKE,https://www.linkedin.com/feed/update/urn%3Ali%3Aactivity%3A7086481378791301120
7/15/23 1:54,LIKE,https://www.linkedin.com/feed/update/urn%3Ali%3Aactivity%3A7085645740621905920
7/13/23 4:18,LIKE,https://www.linkedin.com/feed/update/urn%3Ali%3Aactivity%3A7084992929311641600
7/7/23 14:03,LIKE,https://www.linkedin.com/feed/update/urn%3Ali%3Aactivity%3A7082985692921835520
6/29/23 18:22,LIKE,https://www.linkedin.com/feed/update/urn%3Ali%3Aactivity%3A7080233183652257792
6/27/23 18:39,LIKE,https://www.linkedin.com/feed/update/urn%3Ali%3Aactivity%3A7079521722562998273
6/25/23 3:05,LIKE,https://www.linkedin.com/feed/update/urn%3Ali%3Aactivity%3A7074214741774131202
6/24/23 17:17,LIKE,https://www.linkedin.com/feed/update/urn%3Ali%3AugcPost%3A7078417493089812480
6/22/23 15:07,LIKE,https://www.linkedin.com/feed/update/urn%3Ali%3Aactivity%3A7077663201026277376
6/21/23 4:03,LIKE,https://www.linkedin.com/feed/update/urn%3Ali%3Aactivity%3A7077050304289984512
6/19/23 10:27,LIKE,https://www.linkedin.com/feed/update/urn%3Ali%3Aactivity%3A7076355407543218176
6/19/23 10:27,LIKE,https://www.linkedin.com/feed/update/urn%3Ali%3Aactivity%3A7076360718106722304
6/5/23 11:27,LIKE,https://www.linkedin.com/feed/update/urn%3Ali%3Aactivity%3A7071414771044003840
6/4/23 5:10,EMPATHY,https://www.linkedin.com/feed/update/urn%3Ali%3AugcPost%3A7070961084504887296
6/2/23 3:28,LIKE,https://www.linkedin.com/feed/update/urn%3Ali%3Aactivity%3A7069785175009746944
5/31/23 4:49,EMPATHY,https://www.linkedin.com/feed/update/urn%3Ali%3Aactivity%3A7069512967704248320
5/27/23 10:40,LIKE,https://www.linkedin.com/feed/update/urn%3Ali%3Aactivity%3A7066589881812017152
5/25/23 6:17,LIKE,https://www.linkedin.com/feed/update/urn%3Ali%3Aactivity%3A7067187285573709824
5/23/23 11:37,LIKE,https://www.linkedin.com/feed/update/urn%3Ali%3Aactivity%3A7066480751050948608
5/14/23 16:40,LIKE,https://www.linkedin.com/feed/update/urn%3Ali%3Aactivity%3A7063545670720225280
5/8/23 1:01,PRAISE,https://www.linkedin.com/feed/update/urn%3Ali%3Aactivity%3A7060959572450017280
5/4/23 0:11,LIKE,https://www.linkedin.com/feed/update/urn%3Ali%3AugcPost%3A7059519404497108992
4/28/23 11:59,PRAISE,https://www.linkedin.com/feed/update/urn%3Ali%3Aactivity%3A7057675686550908928
4/25/23 20:36,LIKE,https://www.linkedin.com/feed/update/urn%3Ali%3Aactivity%3A7055223983247380480?commentUrn=urn%3Ali%3Acomment%3A%28activity%3A7055223983247380480%2C7056724811321872384%29
4/13/23 8:00,LIKE,https://www.linkedin.com/feed/update/urn%3Ali%3Aactivity%3A7051924441122963456
4/3/23 0:48,LIKE,https://www.linkedin.com/feed/update/urn%3Ali%3Aactivity%3A7048449957929897984
3/28/23 18:37,LIKE,https://www.linkedin.com/feed/update/urn%3Ali%3Aactivity%3A7046538160394129408
3/10/23 18:15,EMPATHY,https://www.linkedin.com/feed/update/urn%3Ali%3AugcPost%3A7040021594869559296
3/6/23 14:42,LIKE,https://www.linkedin.com/feed/update/urn%3Ali%3Aactivity%3A7038517152189947904
3/6/23 0:16,LIKE,https://www.linkedin.com/feed/update/urn%3Ali%3Aactivity%3A7038294292271910912
3/5/23 20:20,LIKE,https://www.linkedin.com/feed/update/urn%3Ali%3AugcPost%3A7038180405149061120
2/20/23 19:20,LIKE,https://www.linkedin.com/feed/update/urn%3Ali%3AugcPost%3A7033486811725209600
2/14/23 3:13,LIKE,https://www.linkedin.com/feed/update/urn%3Ali%3AugcPost%3A7030771738095337472
2/3/23 22:00,LIKE,https://www.linkedin.com/feed/update/urn%3Ali%3Aactivity%3A7027262360662806529
2/1/23 18:17,LIKE,https://www.linkedin.com/feed/update/urn%3Ali%3AugcPost%3A7026596929094508544
1/31/23 19:16,PRAISE,https://www.linkedin.com/feed/update/urn%3Ali%3AugcPost%3A7026214860891852800
1/31/23 1:33,EMPATHY,https://www.linkedin.com/feed/update/urn%3Ali%3Aactivity%3A7025986731690577920
1/28/23 21:08,LIKE,https://www.linkedin.com/feed/update/urn%3Ali%3Aactivity%3A7025207681724399616
1/28/23 18:12,PRAISE,https://www.linkedin.com/feed/update/urn%3Ali%3AugcPost%3A7025015098578485248
1/27/23 21:26,PRAISE,https://www.linkedin.com/feed/update/urn%3Ali%3Aactivity%3A7024777422201896960
1/25/23 23:55,LIKE,https://www.linkedin.com/feed/update/urn%3Ali%3AugcPost%3A7024152156949671936
1/24/23 0:13,LIKE,https://www.linkedin.com/feed/update/urn%3Ali%3AugcPost%3A7023430778676019200
1/23/23 15:52,PRAISE,https://www.linkedin.com/feed/update/urn%3Ali%3AugcPost%3A7023292772270927872
1/22/23 21:45,LIKE,https://www.linkedin.com/feed/update/urn%3Ali%3AugcPost%3A7019126066761875456
1/22/23 18:53,LIKE,https://www.linkedin.com/feed/update/urn%3Ali%3AugcPost%3A7022972095164776448
1/22/23 18:52,LIKE,https://www.linkedin.com/feed/update/urn%3Ali%3Aactivity%3A7022998397338951680
1/22/23 18:28,LIKE,https://www.linkedin.com/feed/update/urn%3Ali%3Aactivity%3A7022977253722451968
1/22/23 15:41,LIKE,https://www.linkedin.com/feed/update/urn%3Ali%3Aactivity%3A7022939814505140224
1/21/23 22:25,LIKE,https://www.linkedin.com/feed/update/urn%3Ali%3Aactivity%3A7018789399853223936
1/21/23 22:00,LIKE,https://www.linkedin.com/feed/update/urn%3Ali%3Aactivity%3A7022654839566307328
1/20/23 14:21,LIKE,https://www.linkedin.com/feed/update/urn%3Ali%3Aactivity%3A7022163827022565376
1/19/23 3:32,LIKE,https://www.linkedin.com/feed/update/urn%3Ali%3AugcPost%3A7021666972522139648
1/18/23 20:29,PRAISE,https://www.linkedin.com/feed/update/urn%3Ali%3AugcPost%3A7021573839448866817
1/18/23 19:02,LIKE,https://www.linkedin.com/feed/update/urn%3Ali%3AugcPost%3A7021548742646394880
1/18/23 18:02,LIKE,https://www.linkedin.com/feed/update/urn%3Ali%3AugcPost%3A7021530154824843264
1/18/23 4:25,LIKE,https://www.linkedin.com/feed/update/urn%3Ali%3AugcPost%3A7021326302183849984
12/26/22 21:52,LIKE,https://www.linkedin.com/feed/update/urn%3Ali%3Aactivity%3A7013252629690535936
12/25/22 17:41,LIKE,https://www.linkedin.com/feed/update/urn%3Ali%3AugcPost%3A7012739026663182336
12/5/22 4:54,LIKE,https://www.linkedin.com/feed/update/urn%3Ali%3Aactivity%3A7005372707676553216?commentUrn=urn%3Ali%3Acomment%3A%28activity%3A7005372707676553216%2C7005390427059081217%29
11/29/22 0:40,LIKE,https://www.linkedin.com/feed/update/urn%3Ali%3Aactivity%3A7003097069108310016
11/26/22 2:06,LIKE,https://www.linkedin.com/feed/update/urn%3Ali%3AugcPost%3A7001876692965216256
11/11/22 7:29,LIKE,https://www.linkedin.com/feed/update/urn%3Ali%3Aactivity%3A6996625323643535360
11/8/22 19:41,LIKE,https://www.linkedin.com/feed/update/urn%3Ali%3Aactivity%3A6995465775721459712
10/24/22 22:57,PRAISE,https://www.linkedin.com/feed/update/urn%3Ali%3AugcPost%3A6990441171764310016
9/27/22 17:02,LIKE,https://www.linkedin.com/feed/update/urn%3Ali%3Aactivity%3A6980529137165733888
9/24/22 1:44,LIKE,https://www.linkedin.com/feed/update/urn%3Ali%3Aactivity%3A6977996014909599744
9/17/22 21:19,LIKE,https://www.linkedin.com/feed/update/urn%3Ali%3Aactivity%3A6976985134570905600
9/17/22 0:05,LIKE,https://www.linkedin.com/feed/update/urn%3Ali%3Aactivity%3A6976690597256466432
9/15/22 21:01,LIKE,https://www.linkedin.com/feed/update/urn%3Ali%3Aactivity%3A6976269164936146944
9/15/22 19:46,LIKE,https://www.linkedin.com/feed/update/urn%3Ali%3Aactivity%3A6975997111410593792
9/11/22 22:33,LIKE,https://www.linkedin.com/feed/update/urn%3Ali%3Aactivity%3A6974790928037236736
9/10/22 4:14,LIKE,https://www.linkedin.com/feed/update/urn%3Ali%3Aactivity%3A6970401504226598914
9/7/22 5:57,LIKE,https://www.linkedin.com/feed/update/urn%3Ali%3Aactivity%3A6973103449009766400
9/6/22 16:36,LIKE,https://www.linkedin.com/feed/update/urn%3Ali%3Aactivity%3A6972909348024918017
9/6/22 16:34,LIKE,https://www.linkedin.com/feed/update/urn%3Ali%3AugcPost%3A6972920456412602369
9/1/22 19:17,LIKE,https://www.linkedin.com/feed/update/urn%3Ali%3Aactivity%3A6970507314193727488
9/1/22 0:19,LIKE,https://www.linkedin.com/feed/update/urn%3Ali%3Aactivity%3A6970810308852391937
8/30/22 20:53,LIKE,https://www.linkedin.com/feed/update/urn%3Ali%3AugcPost%3A6970125416523034624
8/30/22 3:57,LIKE,https://www.linkedin.com/feed/update/urn%3Ali%3AugcPost%3A6970067849885212672
8/24/22 12:19,LIKE,https://www.linkedin.com/feed/update/urn%3Ali%3AugcPost%3A6967631310890704896
8/19/22 23:23,LIKE,https://www.linkedin.com/feed/update/urn%3Ali%3AugcPost%3A6966420809909202945
8/19/22 21:07,LIKE,https://www.linkedin.com/feed/update/urn%3Ali%3Aactivity%3A6966434433960714240
8/14/22 13:15,LIKE,https://www.linkedin.com/feed/update/urn%3Ali%3Aactivity%3A6964539326575611904
8/13/22 5:39,LIKE,https://www.linkedin.com/feed/update/urn%3Ali%3Aactivity%3A6963973970974883840
8/11/22 22:19,LIKE,https://www.linkedin.com/feed/update/urn%3Ali%3Aactivity%3A6963316606433173504
8/1/22 14:00,LIKE,https://www.linkedin.com/feed/update/urn%3Ali%3Aactivity%3A6959848773976035329
7/29/22 20:34,LIKE,https://www.linkedin.com/feed/update/urn%3Ali%3Aactivity%3A6958771588561342464
7/28/22 6:20,LIKE,https://www.linkedin.com/feed/update/urn%3Ali%3AugcPost%3A6958270476397813760
7/24/22 20:20,LIKE,https://www.linkedin.com/feed/update/urn%3Ali%3AugcPost%3A6956965546139529216
7/19/22 19:09,LIKE,https://www.linkedin.com/feed/update/urn%3Ali%3Aactivity%3A6955198331631329280
7/4/22 3:43,PRAISE,https://www.linkedin.com/feed/update/urn%3Ali%3Aactivity%3A6949032224327421952
6/28/22 17:26,LIKE,https://www.linkedin.com/feed/update/urn%3Ali%3Aactivity%3A6947584264322387968
6/26/22 19:54,PRAISE,https://www.linkedin.com/feed/update/urn%3Ali%3Aactivity%3A6946625312558370816
6/23/22 11:48,LIKE,https://www.linkedin.com/feed/update/urn%3Ali%3Aactivity%3A6945524008759029760
6/19/22 21:46,LIKE,https://www.linkedin.com/feed/update/urn%3Ali%3AugcPost%3A6939614104160526337
6/16/22 5:02,LIKE,https://www.linkedin.com/feed/update/urn%3Ali%3Aactivity%3A6943010549400027136
6/14/22 18:18,LIKE,https://www.linkedin.com/feed/update/urn%3Ali%3AugcPost%3A6942378993308372992
6/13/22 19:41,LIKE,https://www.linkedin.com/feed/update/urn%3Ali%3AugcPost%3A6941863598906298368
6/10/22 2:53,LIKE,https://www.linkedin.com/feed/update/urn%3Ali%3Aactivity%3A6939654113051774976
6/9/22 14:58,LIKE,https://www.linkedin.com/feed/update/urn%3Ali%3Aactivity%3A6940542287231795200
6/5/22 19:05,PRAISE,https://www.linkedin.com/feed/update/urn%3Ali%3AugcPost%3A6939252555365437440
6/5/22 19:05,LIKE,https://www.linkedin.com/feed/update/urn%3Ali%3Aactivity%3A6939128032167170048
6/5/22 19:05,LIKE,https://www.linkedin.com/feed/update/urn%3Ali%3Aactivity%3A6939263200840282112
6/5/22 19:04,LIKE,https://www.linkedin.com/feed/update/urn%3Ali%3Aactivity%3A6938937831851511808
6/3/22 21:45,LIKE,https://www.linkedin.com/feed/update/urn%3Ali%3Aactivity%3A6938536053238591488
6/2/22 2:18,LIKE,https://www.linkedin.com/feed/update/urn%3Ali%3AugcPost%3A6937702232180027393
6/2/22 2:17,LIKE,https://www.linkedin.com/feed/update/urn%3Ali%3AugcPost%3A6937420878292938752
5/29/22 3:38,LIKE,https://www.linkedin.com/feed/update/urn%3Ali%3AugcPost%3A6936399995122192385
5/25/22 21:15,LIKE,https://www.linkedin.com/feed/update/urn%3Ali%3AugcPost%3A6935228631346548736
5/24/22 17:59,LIKE,https://www.linkedin.com/feed/update/urn%3Ali%3AugcPost%3A6934921902637400064
5/24/22 17:59,LIKE,https://www.linkedin.com/feed/update/urn%3Ali%3Aactivity%3A6934823802920980480
5/24/22 17:58,LIKE,https://www.linkedin.com/feed/update/urn%3Ali%3Aactivity%3A6934851907760926720
5/24/22 4:03,LIKE,https://www.linkedin.com/feed/update/urn%3Ali%3Aactivity%3A6934608493958086656
5/24/22 3:41,LIKE,https://www.linkedin.com/feed/update/urn%3Ali%3AugcPost%3A6934577582222839808
5/24/22 3:40,LIKE,https://www.linkedin.com/feed/update/urn%3Ali%3Aactivity%3A6934687170330861568
5/22/22 8:52,LIKE,https://www.linkedin.com/feed/update/urn%3Ali%3AugcPost%3A6933847906034610176
5/18/22 22:41,LIKE,https://www.linkedin.com/feed/update/urn%3Ali%3AugcPost%3A6932734201771302912
5/12/22 18:06,LIKE,https://www.linkedin.com/feed/update/urn%3Ali%3AugcPost%3A6930370612590751744
5/6/22 5:27,LIKE,https://www.linkedin.com/feed/update/urn%3Ali%3Aactivity%3A6928183535199510528
5/2/22 22:08,PRAISE,https://www.linkedin.com/feed/update/urn%3Ali%3Aactivity%3A6926640751380475904
4/24/22 5:11,LIKE,https://www.linkedin.com/feed/update/urn%3Ali%3Aactivity%3A6920553560636047361
4/21/22 19:07,LIKE,https://www.linkedin.com/feed/update/urn%3Ali%3AugcPost%3A6922408552103833601
4/11/22 20:14,LIKE,https://www.linkedin.com/feed/update/urn%3Ali%3AugcPost%3A6919373197129715712
4/9/22 20:26,LIKE,https://www.linkedin.com/feed/update/urn%3Ali%3Aactivity%3A6915553529927454720
4/2/22 21:41,LIKE,https://www.linkedin.com/feed/update/urn%3Ali%3AugcPost%3A6916121890554011648
4/1/22 7:14,LIKE,https://www.linkedin.com/feed/update/urn%3Ali%3Aactivity%3A6915539269667155968
3/25/22 8:11,LIKE,https://www.linkedin.com/feed/update/urn%3Ali%3Aactivity%3A6910726540179714048?commentUrn=urn%3Ali%3Acomment%3A%28activity%3A6910726540179714048%2C6912765623466897408%29
3/25/22 2:23,LIKE,https://www.linkedin.com/feed/update/urn%3Ali%3Aactivity%3A6912855461398466560
3/23/22 21:37,LIKE,https://www.linkedin.com/feed/update/urn%3Ali%3Aactivity%3A6912404484404961280
3/23/22 3:11,LIKE,https://www.linkedin.com/feed/update/urn%3Ali%3Aactivity%3A6912212675171168256
3/23/22 2:59,LIKE,https://www.linkedin.com/feed/update/urn%3Ali%3Aactivity%3A6912170686258003968
3/22/22 12:30,LIKE,https://www.linkedin.com/feed/update/urn%3Ali%3Aactivity%3A6910726540179714048?commentUrn=urn%3Ali%3Acomment%3A%28activity%3A6910726540179714048%2C6911945165557350400%29
3/22/22 5:01,LIKE,https://www.linkedin.com/feed/update/urn%3Ali%3Aactivity%3A6910726540179714048?commentUrn=urn%3Ali%3Acomment%3A%28activity%3A6910726540179714048%2C6911897919793025024%29
3/21/22 22:27,LIKE,https://www.linkedin.com/feed/update/urn%3Ali%3AugcPost%3A6911785533782265856
3/21/22 21:24,LIKE,https://www.linkedin.com/feed/update/urn%3Ali%3Aactivity%3A6910726540179714048?commentUrn=urn%3Ali%3Acomment%3A%28activity%3A6910726540179714048%2C6911784248085524480%29
3/21/22 12:51,LIKE,https://www.linkedin.com/feed/update/urn%3Ali%3AugcPost%3A6911618008847130624
3/20/22 14:52,LIKE,https://www.linkedin.com/feed/update/urn%3Ali%3Aactivity%3A6910726540179714048?commentUrn=urn%3Ali%3Acomment%3A%28activity%3A6910726540179714048%2C6911322921353232384%29
3/20/22 5:43,LIKE,https://www.linkedin.com/feed/update/urn%3Ali%3Aactivity%3A6910726540179714048?commentUrn=urn%3Ali%3Acomment%3A%28activity%3A6910726540179714048%2C6911182035369799680%29
3/20/22 4:10,PRAISE,https://www.linkedin.com/feed/update/urn%3Ali%3AugcPost%3A6908834955640893440
3/20/22 2:41,LIKE,https://www.linkedin.com/feed/update/urn%3Ali%3Aactivity%3A6910726540179714048?commentUrn=urn%3Ali%3Acomment%3A%28activity%3A6910726540179714048%2C6911139279909855232%29
3/19/22 18:52,LIKE,https://www.linkedin.com/feed/update/urn%3Ali%3Aactivity%3A6910726540179714048?commentUrn=urn%3Ali%3Acomment%3A%28activity%3A6910726540179714048%2C6910919151611953152%29
3/19/22 18:52,LIKE,https://www.linkedin.com/feed/update/urn%3Ali%3Aactivity%3A6910726540179714048?commentUrn=urn%3Ali%3Acomment%3A%28activity%3A6910726540179714048%2C6910973275674169344%29
3/19/22 18:51,LIKE,https://www.linkedin.com/feed/update/urn%3Ali%3Aactivity%3A6910726540179714048?commentUrn=urn%3Ali%3Acomment%3A%28activity%3A6910726540179714048%2C6910929398984540160%29
3/19/22 18:51,LIKE,https://www.linkedin.com/feed/update/urn%3Ali%3Aactivity%3A6910726540179714048?commentUrn=urn%3Ali%3Acomment%3A%28activity%3A6910726540179714048%2C6910810701263441920%29
3/19/22 18:51,LIKE,https://www.linkedin.com/feed/update/urn%3Ali%3Aactivity%3A6910726540179714048?commentUrn=urn%3Ali%3Acomment%3A%28activity%3A6910726540179714048%2C6910970972007219200%29
3/19/22 18:50,LIKE,https://www.linkedin.com/feed/update/urn%3Ali%3Aactivity%3A6910726540179714048?commentUrn=urn%3Ali%3Acomment%3A%28activity%3A6910726540179714048%2C6910852449964605440%29
3/19/22 18:50,LIKE,https://www.linkedin.com/feed/update/urn%3Ali%3Aactivity%3A6910726540179714048?commentUrn=urn%3Ali%3Acomment%3A%28activity%3A6910726540179714048%2C6910999410776694784%29
3/19/22 4:39,LIKE,https://www.linkedin.com/feed/update/urn%3Ali%3Aactivity%3A6910726540179714048?commentUrn=urn%3Ali%3Acomment%3A%28activity%3A6910726540179714048%2C6910776116345507840%29
3/19/22 4:39,LIKE,https://www.linkedin.com/feed/update/urn%3Ali%3Aactivity%3A6910726540179714048?commentUrn=urn%3Ali%3Acomment%3A%28activity%3A6910726540179714048%2C6910803953110630400%29
3/19/22 4:38,LIKE,https://www.linkedin.com/feed/update/urn%3Ali%3Aactivity%3A6910726540179714048?commentUrn=urn%3Ali%3Acomment%3A%28activity%3A6910726540179714048%2C6910804194568327168%29
3/19/22 3:41,LIKE,https://www.linkedin.com/feed/update/urn%3Ali%3Aactivity%3A6910726540179714048?commentUrn=urn%3Ali%3Acomment%3A%28activity%3A6910726540179714048%2C6910765218948075520%29
3/19/22 3:40,LIKE,https://www.linkedin.com/feed/update/urn%3Ali%3Aactivity%3A6910726540179714048?commentUrn=urn%3Ali%3Acomment%3A%28activity%3A6910726540179714048%2C6910790763572297728%29
3/19/22 1:48,LIKE,https://www.linkedin.com/feed/update/urn%3Ali%3Aactivity%3A6910726540179714048?commentUrn=urn%3Ali%3Acomment%3A%28activity%3A6910726540179714048%2C6910749365099724800%29
3/19/22 1:48,LIKE,https://www.linkedin.com/feed/update/urn%3Ali%3Aactivity%3A6910726540179714048?commentUrn=urn%3Ali%3Acomment%3A%28activity%3A6910726540179714048%2C6910756001428197376%29
3/19/22 1:47,LIKE,https://www.linkedin.com/feed/update/urn%3Ali%3Aactivity%3A6910726540179714048?commentUrn=urn%3Ali%3Acomment%3A%28activity%3A6910726540179714048%2C6910754929997475840%29
3/19/22 1:47,LIKE,https://www.linkedin.com/feed/update/urn%3Ali%3Aactivity%3A6910726540179714048?commentUrn=urn%3Ali%3Acomment%3A%28activity%3A6910726540179714048%2C6910756335223468032%29
3/19/22 1:47,LIKE,https://www.linkedin.com/feed/update/urn%3Ali%3Aactivity%3A6910726540179714048?commentUrn=urn%3Ali%3Acomment%3A%28activity%3A6910726540179714048%2C6910747031653253120%29
3/19/22 0:14,LIKE,https://www.linkedin.com/feed/update/urn%3Ali%3Aactivity%3A6910726540179714048?commentUrn=urn%3Ali%3Acomment%3A%28activity%3A6910726540179714048%2C6910739940611891200%29
3/19/22 0:03,LIKE,https://www.linkedin.com/feed/update/urn%3Ali%3Aactivity%3A6910726540179714048?commentUrn=urn%3Ali%3Acomment%3A%28activity%3A6910726540179714048%2C6910733084581576704%29
3/19/22 0:03,LIKE,https://www.linkedin.com/feed/update/urn%3Ali%3Aactivity%3A6910726540179714048?commentUrn=urn%3Ali%3Acomment%3A%28activity%3A6910726540179714048%2C6910727056347570176%29
3/19/22 0:02,LIKE,https://www.linkedin.com/feed/update/urn%3Ali%3Aactivity%3A6910726540179714048?commentUrn=urn%3Ali%3Acomment%3A%28activity%3A6910726540179714048%2C6910736198944591874%29
3/19/22 0:02,LIKE,https://www.linkedin.com/feed/update/urn%3Ali%3Aactivity%3A6910726540179714048?commentUrn=urn%3Ali%3Acomment%3A%28activity%3A6910726540179714048%2C6910733843943567360%29
3/19/22 0:02,LIKE,https://www.linkedin.com/feed/update/urn%3Ali%3Aactivity%3A6910726540179714048?commentUrn=urn%3Ali%3Acomment%3A%28activity%3A6910726540179714048%2C6910735010719240192%29
3/18/22 23:21,LIKE,https://www.linkedin.com/feed/update/urn%3Ali%3Aactivity%3A6910682620662022144
3/7/22 23:23,LIKE,https://www.linkedin.com/feed/update/urn%3Ali%3Aactivity%3A6906621005024899072
3/7/22 15:47,LIKE,https://www.linkedin.com/feed/update/urn%3Ali%3Aactivity%3A6906515026480365569
3/4/22 1:24,LIKE,https://www.linkedin.com/feed/update/urn%3Ali%3AugcPost%3A6905320767689764864
2/9/22 3:50,LIKE,https://www.linkedin.com/feed/update/urn%3Ali%3Aactivity%3A6896804908142538752
1/23/22 17:50,LIKE,https://www.linkedin.com/feed/update/urn%3Ali%3AugcPost%3A6891057756296884224
1/18/22 22:56,LIKE,https://www.linkedin.com/feed/update/urn%3Ali%3AugcPost%3A6889280937671045120
1/18/22 15:10,LIKE,https://www.linkedin.com/feed/update/urn%3Ali%3AugcPost%3A6889063671520088064
1/14/22 19:39,LIKE,https://www.linkedin.com/feed/update/urn%3Ali%3Aactivity%3A6886872761667600384
1/14/22 1:40,LIKE,https://www.linkedin.com/feed/update/urn%3Ali%3Aactivity%3A6887049136340811776
1/11/22 22:50,LIKE,https://www.linkedin.com/feed/update/urn%3Ali%3AugcPost%3A6886769784503975936
1/10/22 22:11,LIKE,https://www.linkedin.com/feed/update/urn%3Ali%3AugcPost%3A6886322062042923008
1/10/22 22:10,LIKE,https://www.linkedin.com/feed/update/urn%3Ali%3AugcPost%3A6886361480103518208
1/8/22 16:39,LIKE,https://www.linkedin.com/feed/update/urn%3Ali%3AugcPost%3A6885079792916430848
1/4/22 21:01,LIKE,https://www.linkedin.com/feed/update/urn%3Ali%3Aactivity%3A6884174401101692930
1/3/22 19:50,LIKE,https://www.linkedin.com/feed/update/urn%3Ali%3Aactivity%3A6883828082625531905
10/10/21 4:18,PRAISE,https://www.linkedin.com/feed/update/urn%3Ali%3Aactivity%3A6852139550995705857
10/6/21 1:09,LIKE,https://www.linkedin.com/feed/update/urn%3Ali%3Aactivity%3A6851257466798252032
10/5/21 21:58,LIKE,https://www.linkedin.com/feed/update/urn%3Ali%3Aactivity%3A6816453792804958208
10/2/21 6:44,LIKE,https://www.linkedin.com/feed/update/urn%3Ali%3Aactivity%3A6849160255083954176
9/18/21 18:52,LIKE,https://www.linkedin.com/feed/update/urn%3Ali%3Aactivity%3A6843972026223407104
9/9/21 4:32,LIKE,https://www.linkedin.com/feed/update/urn%3Ali%3AugcPost%3A6838549838494359552
9/7/21 22:26,PRAISE,https://www.linkedin.com/feed/update/urn%3Ali%3Aactivity%3A6839675836359172096
7/2/21 17:24,LIKE,https://www.linkedin.com/feed/update/urn%3Ali%3AugcPost%3A6816750233888935936
6/19/21 6:25,LIKE,https://www.linkedin.com/feed/update/urn%3Ali%3Aactivity%3A6811707225082515456
6/19/21 6:25,LIKE,https://www.linkedin.com/feed/update/urn%3Ali%3AugcPost%3A6609840088195137536
6/19/21 6:25,LIKE,https://www.linkedin.com/feed/update/urn%3Ali%3Aactivity%3A6811236064737468416
6/11/21 10:05,LIKE,https://www.linkedin.com/feed/update/urn%3Ali%3Aactivity%3A6808972811000926208
6/7/21 6:02,LIKE,https://www.linkedin.com/feed/update/urn%3Ali%3Aactivity%3A6807543100202897408
6/6/21 2:41,LIKE,https://www.linkedin.com/feed/update/urn%3Ali%3Aactivity%3A6805908962404294656
6/5/21 12:55,LIKE,https://www.linkedin.com/feed/update/urn%3Ali%3Aactivity%3A6806604596635693056
6/4/21 5:07,LIKE,https://www.linkedin.com/feed/update/urn%3Ali%3Aactivity%3A6806140414681239552?commentUrn=urn%3Ali%3Acomment%3A%28activity%3A6806140414681239552%2C6806226618768531457%29
5/31/21 10:59,LIKE,https://www.linkedin.com/feed/update/urn%3Ali%3Aactivity%3A6804970412825440256
5/26/21 8:19,LIKE,https://www.linkedin.com/feed/update/urn%3Ali%3Aactivity%3A6799502738544828416
5/25/21 14:32,LIKE,https://www.linkedin.com/feed/update/urn%3Ali%3Aactivity%3A6800030695650656256
5/13/21 5:40,LIKE,https://www.linkedin.com/feed/update/urn%3Ali%3Aactivity%3A6798257832018907136
5/11/21 8:50,LIKE,https://www.linkedin.com/feed/update/urn%3Ali%3Aactivity%3A6797799624770936832
5/9/21 9:57,LIKE,https://www.linkedin.com/feed/update/urn%3Ali%3Aactivity%3A6797014356904308736
5/6/21 7:46,LIKE,https://www.linkedin.com/feed/update/urn%3Ali%3Aactivity%3A6795961461521948672
5/2/21 12:55,LIKE,https://www.linkedin.com/feed/update/urn%3Ali%3Aactivity%3A6769973821370847232
4/30/21 18:16,LIKE,https://www.linkedin.com/feed/update/urn%3Ali%3Aactivity%3A6792771390618517504
4/6/21 14:09,LIKE,https://www.linkedin.com/feed/update/urn%3Ali%3Aactivity%3A6785188728445956096
3/30/21 6:29,LIKE,https://www.linkedin.com/feed/update/urn%3Ali%3Aactivity%3A6775029652491640832
3/29/21 9:02,EMPATHY,https://www.linkedin.com/feed/update/urn%3Ali%3Aactivity%3A6781117561322000384
3/24/21 6:55,EMPATHY,https://www.linkedin.com/feed/update/urn%3Ali%3Aactivity%3A6780366623011287040
3/21/21 7:23,LIKE,https://www.linkedin.com/feed/update/urn%3Ali%3Aactivity%3A6779102043937345536
3/17/21 13:34,LIKE,https://www.linkedin.com/feed/update/urn%3Ali%3Aactivity%3A6776208301748170752
3/17/21 13:31,LIKE,https://www.linkedin.com/feed/update/urn%3Ali%3Aactivity%3A6777757078778994688
3/12/21 1:08,LIKE,https://www.linkedin.com/feed/update/urn%3Ali%3Aactivity%3A6775883440530317312
3/8/21 2:40,LIKE,https://www.linkedin.com/feed/update/urn%3Ali%3Aactivity%3A6774260778271809536
3/5/21 7:19,LIKE,https://www.linkedin.com/feed/update/urn%3Ali%3Aactivity%3A6769841083376549888
3/5/21 5:22,LIKE,https://www.linkedin.com/feed/update/urn%3Ali%3Aactivity%3A6773344832271323136
3/1/21 14:29,EMPATHY,https://www.linkedin.com/feed/update/urn%3Ali%3Aactivity%3A6768128817140686849
2/25/21 6:41,LIKE,https://www.linkedin.com/feed/update/urn%3Ali%3Aactivity%3A6770200531097968640
2/23/21 14:41,LIKE,https://www.linkedin.com/feed/update/urn%3Ali%3Aactivity%3A6769445952760684544
2/18/21 7:38,APPRECIATION,https://www.linkedin.com/feed/update/urn%3Ali%3Aactivity%3A6764408021201362944
2/14/21 7:36,LIKE,https://www.linkedin.com/feed/update/urn%3Ali%3Aactivity%3A6764513475717922816
2/12/21 14:17,PRAISE,https://www.linkedin.com/feed/update/urn%3Ali%3Aactivity%3A6764444130878726144
2/10/21 3:43,LIKE,https://www.linkedin.com/feed/update/urn%3Ali%3Aactivity%3A6764686701832003585
2/6/21 5:31,LIKE,https://www.linkedin.com/feed/update/urn%3Ali%3Aactivity%3A6763343105933635584
2/5/21 14:59,LIKE,https://www.linkedin.com/feed/update/urn%3Ali%3Aactivity%3A6760690209899253760
2/5/21 14:59,LIKE,https://www.linkedin.com/feed/update/urn%3Ali%3Aactivity%3A6763240859187183616
2/5/21 14:59,LIKE,https://www.linkedin.com/feed/update/urn%3Ali%3Aactivity%3A6763465876743294976
2/5/21 14:59,LIKE,https://www.linkedin.com/feed/update/urn%3Ali%3Aactivity%3A6763116505304563712
2/5/21 14:59,LIKE,https://www.linkedin.com/feed/update/urn%3Ali%3Aactivity%3A6763071821135810560
2/5/21 14:59,LIKE,https://www.linkedin.com/feed/update/urn%3Ali%3AugcPost%3A6763047359858393088
2/5/21 14:59,LIKE,https://www.linkedin.com/feed/update/urn%3Ali%3Aactivity%3A6762828826469789696
2/5/21 14:59,LIKE,https://www.linkedin.com/feed/update/urn%3Ali%3Aactivity%3A6763329259701379072
2/5/21 14:59,LIKE,https://www.linkedin.com/feed/update/urn%3Ali%3Aactivity%3A6763368514830045184
2/5/21 14:59,LIKE,https://www.linkedin.com/feed/update/urn%3Ali%3Aactivity%3A6763468102106775552
2/5/21 14:59,LIKE,https://www.linkedin.com/feed/update/urn%3Ali%3Aactivity%3A6763095571889692672
2/5/21 14:59,LIKE,https://www.linkedin.com/feed/update/urn%3Ali%3Aactivity%3A6763464797095903232
2/2/21 2:28,LIKE,https://www.linkedin.com/feed/update/urn%3Ali%3Aactivity%3A6762059862466813952
1/31/21 8:47,LIKE,https://www.linkedin.com/feed/update/urn%3Ali%3Aactivity%3A6761295012908146688
1/30/21 12:51,LIKE,https://www.linkedin.com/feed/update/urn%3Ali%3Aactivity%3A6760567773690179585
1/28/21 13:10,LIKE,https://www.linkedin.com/feed/update/urn%3Ali%3Aactivity%3A6760426193398353920
1/27/21 14:32,LIKE,https://www.linkedin.com/feed/update/urn%3Ali%3AugcPost%3A6759845965777125376
1/27/21 7:02,LIKE,https://www.linkedin.com/feed/update/urn%3Ali%3AugcPost%3A6759361855367503872
1/27/21 6:43,LIKE,https://www.linkedin.com/feed/update/urn%3Ali%3AugcPost%3A6759374219747872768
1/27/21 6:43,LIKE,https://www.linkedin.com/feed/update/urn%3Ali%3Aactivity%3A6759048290827935744
1/26/21 17:17,LIKE,https://www.linkedin.com/feed/update/urn%3Ali%3AugcPost%3A6759793460972183553
1/26/21 11:21,LIKE,https://www.linkedin.com/feed/update/urn%3Ali%3AugcPost%3A6759789752372776960
1/26/21 9:11,LIKE,https://www.linkedin.com/feed/update/urn%3Ali%3AugcPost%3A6759723203632934912
1/25/21 13:14,LIKE,https://www.linkedin.com/feed/update/urn%3Ali%3Aactivity%3A6759361156533620736
1/21/21 14:17,LIKE,https://www.linkedin.com/feed/update/urn%3Ali%3AugcPost%3A6756971574689099776
1/21/21 7:55,LIKE,https://www.linkedin.com/feed/update/urn%3Ali%3AugcPost%3A6757683270017695744
1/19/21 16:20,LIKE,https://www.linkedin.com/feed/update/urn%3Ali%3Aactivity%3A6757269288635154433
1/18/21 5:01,LIKE,https://www.linkedin.com/feed/update/urn%3Ali%3Aactivity%3A6756679800439525376
1/17/21 17:06,LIKE,https://www.linkedin.com/feed/update/urn%3Ali%3Aactivity%3A6756597802610098177
1/17/21 4:56,LIKE,https://www.linkedin.com/feed/update/urn%3Ali%3AugcPost%3A6756302611571453952
1/16/21 19:51,EMPATHY,https://www.linkedin.com/feed/update/urn%3Ali%3Aactivity%3A6755928481638486017
1/16/21 15:07,LIKE,https://www.linkedin.com/feed/update/urn%3Ali%3Aactivity%3A6752038153541992448
1/16/21 11:03,LIKE,https://www.linkedin.com/feed/update/urn%3Ali%3Aactivity%3A6752628823126286336
1/15/21 19:31,LIKE,https://www.linkedin.com/feed/update/urn%3Ali%3AugcPost%3A6755914754545463298
1/15/21 17:37,LIKE,https://www.linkedin.com/feed/update/urn%3Ali%3Aactivity%3A6755900030248476673
1/15/21 15:43,LIKE,https://www.linkedin.com/feed/update/urn%3Ali%3Aactivity%3A6755871400189411328
1/15/21 10:49,LIKE,https://www.linkedin.com/feed/update/urn%3Ali%3Aactivity%3A6755764077131292672
1/15/21 0:31,LIKE,https://www.linkedin.com/feed/update/urn%3Ali%3Aactivity%3A6755626963349590016
1/14/21 12:10,LIKE,https://www.linkedin.com/feed/update/urn%3Ali%3Aactivity%3A6752275702701264896
1/14/21 4:43,LIKE,https://www.linkedin.com/feed/update/urn%3Ali%3Aactivity%3A6753321187100762112
1/13/21 16:32,LIKE,https://www.linkedin.com/feed/update/urn%3Ali%3Aactivity%3A6755146604434489344
1/13/21 12:52,LIKE,https://www.linkedin.com/feed/update/urn%3Ali%3Aactivity%3A6755086436904640512
1/13/21 10:20,LIKE,https://www.linkedin.com/feed/update/urn%3Ali%3Aactivity%3A6754999336351993856
1/13/21 5:48,LIKE,https://www.linkedin.com/feed/update/urn%3Ali%3Aactivity%3A6754455683569209344
1/12/21 7:04,LIKE,https://www.linkedin.com/feed/update/urn%3Ali%3Aactivity%3A6754053496833736704
1/12/21 5:55,LIKE,https://www.linkedin.com/feed/update/urn%3Ali%3Aactivity%3A6754614205695057920
1/11/21 3:12,LIKE,https://www.linkedin.com/feed/update/urn%3Ali%3Aactivity%3A6749652303793537025
1/10/21 6:51,LIKE,https://www.linkedin.com/feed/update/urn%3Ali%3Aactivity%3A6752107191798505472
1/9/21 6:43,LIKE,https://www.linkedin.com/feed/update/urn%3Ali%3Aactivity%3A6749180775440113664
1/8/21 17:08,LIKE,https://www.linkedin.com/feed/update/urn%3Ali%3AugcPost%3A6753347760025681920
1/7/21 18:40,LIKE,https://www.linkedin.com/feed/update/urn%3Ali%3Aactivity%3A6753009207399854080
1/7/21 17:10,LIKE,https://www.linkedin.com/feed/update/urn%3Ali%3Aactivity%3A6752978794836967424
1/7/21 7:07,LIKE,https://www.linkedin.com/feed/update/urn%3Ali%3Aactivity%3A6752434252513705984
1/7/21 7:07,LIKE,https://www.linkedin.com/feed/update/urn%3Ali%3Aactivity%3A6749590002285453312
1/7/21 7:06,LIKE,https://www.linkedin.com/feed/update/urn%3Ali%3Aactivity%3A6750347986599071744
1/7/21 7:02,LIKE,https://www.linkedin.com/feed/update/urn%3Ali%3Aactivity%3A6749605609311662080
1/7/21 6:53,LIKE,https://www.linkedin.com/feed/update/urn%3Ali%3Aactivity%3A6752358660351119360
1/6/21 16:58,PRAISE,https://www.linkedin.com/feed/update/urn%3Ali%3Aactivity%3A6752470664231440384
1/6/21 16:43,LIKE,https://www.linkedin.com/feed/update/urn%3Ali%3Aactivity%3A6752591547931471872
1/5/21 11:37,LIKE,https://www.linkedin.com/feed/update/urn%3Ali%3AugcPost%3A6750642481320357888
1/5/21 9:34,APPRECIATION,https://www.linkedin.com/feed/update/urn%3Ali%3Aactivity%3A6751991523690323968
1/5/21 9:31,LIKE,https://www.linkedin.com/feed/update/urn%3Ali%3Aactivity%3A6751751937047228416
1/5/21 7:37,LIKE,https://www.linkedin.com/feed/update/urn%3Ali%3AugcPost%3A6742498174071525376
1/5/21 6:25,LIKE,https://www.linkedin.com/feed/update/urn%3Ali%3Aactivity%3A6752103542791794688
1/4/21 18:37,LIKE,https://www.linkedin.com/feed/update/urn%3Ali%3Aactivity%3A6751029121125613568
1/4/21 17:42,LIKE,https://www.linkedin.com/feed/update/urn%3Ali%3Aactivity%3A6751915425212178432
1/4/21 17:41,LIKE,https://www.linkedin.com/feed/update/urn%3Ali%3Aactivity%3A6751772846097252352
1/1/21 17:21,LIKE,https://www.linkedin.com/feed/update/urn%3Ali%3Aactivity%3A6750763381172535296
1/1/21 8:33,LIKE,https://www.linkedin.com/feed/update/urn%3Ali%3Aactivity%3A6750675042721390593
1/1/21 4:53,LIKE,https://www.linkedin.com/feed/update/urn%3Ali%3Aactivity%3A6749750850668814338
12/31/20 4:54,LIKE,https://www.linkedin.com/feed/update/urn%3Ali%3Aactivity%3A6750201491895668736
12/31/20 4:54,LIKE,https://www.linkedin.com/feed/update/urn%3Ali%3Aactivity%3A6750037900932608000
12/27/20 10:03,LIKE,https://www.linkedin.com/feed/update/urn%3Ali%3Aactivity%3A6746488436292767744
12/26/20 16:08,LIKE,https://www.linkedin.com/feed/update/urn%3Ali%3Aactivity%3A6748241115184553984
12/25/20 9:15,LIKE,https://www.linkedin.com/feed/update/urn%3Ali%3Aactivity%3A6748147459828064256
12/25/20 5:17,LIKE,https://www.linkedin.com/feed/update/urn%3Ali%3Aactivity%3A6748025713477136384
12/23/20 7:01,LIKE,https://www.linkedin.com/feed/update/urn%3Ali%3Aactivity%3A6743744033694203904
12/21/20 19:35,EMPATHY,https://www.linkedin.com/feed/update/urn%3Ali%3Aactivity%3A6743588899412578304
12/21/20 5:08,LIKE,https://www.linkedin.com/feed/update/urn%3Ali%3Aactivity%3A6746324379224858625
12/20/20 12:21,LIKE,https://www.linkedin.com/feed/update/urn%3Ali%3Aactivity%3A6746047451670601728
12/20/20 11:43,LIKE,https://www.linkedin.com/feed/update/urn%3Ali%3Aactivity%3A6741791904670760960
12/19/20 13:03,LIKE,https://www.linkedin.com/feed/update/urn%3Ali%3Aactivity%3A6746008404084449280
12/19/20 3:26,LIKE,https://www.linkedin.com/feed/update/urn%3Ali%3AugcPost%3A6745853109114929153
12/18/20 20:01,EMPATHY,https://www.linkedin.com/feed/update/urn%3Ali%3Aactivity%3A6744581294455345152
12/18/20 15:29,LIKE,https://www.linkedin.com/feed/update/urn%3Ali%3Aactivity%3A6745559614617645056
12/18/20 10:26,LIKE,https://www.linkedin.com/feed/update/urn%3Ali%3Aactivity%3A6745285169155973120
12/17/20 13:16,LIKE,https://www.linkedin.com/feed/update/urn%3Ali%3Aactivity%3A6745197771873165312
12/17/20 9:34,LIKE,https://www.linkedin.com/feed/update/urn%3Ali%3Aactivity%3A6745202229550182400
12/16/20 20:17,LIKE,https://www.linkedin.com/feed/update/urn%3Ali%3Aactivity%3A6745051003244093440
12/16/20 4:55,LIKE,https://www.linkedin.com/feed/update/urn%3Ali%3Aactivity%3A6744600108416991234
12/16/20 4:51,LIKE,https://www.linkedin.com/feed/update/urn%3Ali%3Aactivity%3A6744833260481863680
12/15/20 4:04,LIKE,https://www.linkedin.com/feed/update/urn%3Ali%3Aactivity%3A6744379961123061760
12/15/20 4:04,LIKE,https://www.linkedin.com/feed/update/urn%3Ali%3Aactivity%3A6739643815067471872
12/15/20 3:21,LIKE,https://www.linkedin.com/feed/update/urn%3Ali%3Aactivity%3A6742390503368749056
12/14/20 18:53,MAYBE,https://www.linkedin.com/feed/update/urn%3Ali%3Aactivity%3A6744094952357150720
12/14/20 18:52,LIKE,https://www.linkedin.com/feed/update/urn%3Ali%3Aactivity%3A6744313052965023744
12/14/20 10:53,LIKE,https://www.linkedin.com/feed/update/urn%3Ali%3AugcPost%3A6727192202067394560
12/14/20 10:50,LIKE,https://www.linkedin.com/feed/update/urn%3Ali%3AugcPost%3A6742289384646807552
12/14/20 4:16,LIKE,https://www.linkedin.com/feed/update/urn%3Ali%3Aactivity%3A6744086196340752384
12/14/20 3:15,LIKE,https://www.linkedin.com/feed/update/urn%3Ali%3Aactivity%3A6742132744161107968
12/13/20 11:30,LIKE,https://www.linkedin.com/feed/update/urn%3Ali%3Aactivity%3A6743771592578396160
12/13/20 11:30,LIKE,https://www.linkedin.com/feed/update/urn%3Ali%3Aactivity%3A6743595660819365888
12/12/20 18:59,LIKE,https://www.linkedin.com/feed/update/urn%3Ali%3Aactivity%3A6741752738943705088
12/12/20 18:55,LIKE,https://www.linkedin.com/feed/update/urn%3Ali%3Aactivity%3A6743562246804381696
12/11/20 3:37,LIKE,https://www.linkedin.com/feed/update/urn%3Ali%3Aactivity%3A6742925096865845248
12/10/20 19:50,LIKE,https://www.linkedin.com/feed/update/urn%3Ali%3Aactivity%3A6742854384859824128
12/10/20 2:49,LIKE,https://www.linkedin.com/feed/update/urn%3Ali%3Aactivity%3A6742625413522108417
12/9/20 16:18,LIKE,https://www.linkedin.com/feed/update/urn%3Ali%3Aactivity%3A6739013691221540864
12/9/20 4:30,LIKE,https://www.linkedin.com/feed/update/urn%3Ali%3Aactivity%3A6741563098848604163
12/5/20 21:43,LIKE,https://www.linkedin.com/feed/update/urn%3Ali%3AugcPost%3A6740763288637870080
12/4/20 12:48,LIKE,https://www.linkedin.com/feed/update/urn%3Ali%3Aactivity%3A6740578265368412160
12/4/20 4:16,LIKE,https://www.linkedin.com/feed/update/urn%3Ali%3Aactivity%3A6739750249239322624
12/4/20 3:51,LIKE,https://www.linkedin.com/feed/update/urn%3Ali%3Aactivity%3A6740313639737151488
12/1/20 6:45,LIKE,https://www.linkedin.com/feed/update/urn%3Ali%3Aactivity%3A6738770920942501890
11/30/20 9:35,LIKE,https://www.linkedin.com/feed/update/urn%3Ali%3Aactivity%3A6737674975697768448
11/29/20 9:50,LIKE,https://www.linkedin.com/feed/update/urn%3Ali%3Aactivity%3A6738547969542414336
11/28/20 19:02,LIKE,https://www.linkedin.com/feed/update/urn%3Ali%3Aactivity%3A6738485169143070721
11/28/20 11:32,LIKE,https://www.linkedin.com/feed/update/urn%3Ali%3Aactivity%3A6738040227429969920
11/27/20 17:16,LIKE,https://www.linkedin.com/feed/update/urn%3Ali%3Aactivity%3A6737724847113211904
11/27/20 17:15,LIKE,https://www.linkedin.com/feed/update/urn%3Ali%3Aactivity%3A6738034862869020672
11/27/20 17:06,LIKE,https://www.linkedin.com/feed/update/urn%3Ali%3AugcPost%3A6738093988840132608
11/27/20 10:38,LIKE,https://www.linkedin.com/feed/update/urn%3Ali%3Aactivity%3A6737815791976218624
11/26/20 11:32,LIKE,https://www.linkedin.com/feed/update/urn%3Ali%3AugcPost%3A6737606680969838592
11/22/20 19:37,LIKE,https://www.linkedin.com/feed/update/urn%3Ali%3Aactivity%3A6732238565016784896
11/22/20 18:20,LIKE,https://www.linkedin.com/feed/update/urn%3Ali%3Aactivity%3A6736269717851529216
11/20/20 19:03,LIKE,https://www.linkedin.com/feed/update/urn%3Ali%3Aactivity%3A6735475122536267776
11/19/20 5:01,LIKE,https://www.linkedin.com/feed/update/urn%3Ali%3AugcPost%3A6735000619985244160
11/18/20 19:51,LIKE,https://www.linkedin.com/feed/update/urn%3Ali%3Aactivity%3A6725965297708232707
11/18/20 18:19,LIKE,https://www.linkedin.com/feed/update/urn%3Ali%3AugcPost%3A6734484720110903296
11/17/20 10:12,LIKE,https://www.linkedin.com/feed/update/urn%3Ali%3Aactivity%3A6734238070725574656
11/16/20 16:07,LIKE,https://www.linkedin.com/feed/update/urn%3Ali%3Aactivity%3A6733168137400836096
11/15/20 13:53,LIKE,https://www.linkedin.com/feed/update/urn%3Ali%3Aactivity%3A6730186363456536576?commentUrn=urn%3Ali%3Acomment%3A%28activity%3A6730186363456536576%2C6730314169360363520%29
11/15/20 13:53,LIKE,https://www.linkedin.com/feed/update/urn%3Ali%3Aactivity%3A6730186363456536576
11/14/20 4:36,LIKE,https://www.linkedin.com/feed/update/urn%3Ali%3Aactivity%3A6733233507541245952
11/13/20 6:08,LIKE,https://www.linkedin.com/feed/update/urn%3Ali%3Aactivity%3A6732753169543176193
11/12/20 19:14,LIKE,https://www.linkedin.com/feed/update/urn%3Ali%3Aactivity%3A6731620868956418048
11/12/20 6:51,LIKE,https://www.linkedin.com/feed/update/urn%3Ali%3Aactivity%3A6732514752725061632
11/12/20 3:27,LIKE,https://www.linkedin.com/feed/update/urn%3Ali%3Aactivity%3A6728296955644018688
11/12/20 2:49,LIKE,https://www.linkedin.com/feed/update/urn%3Ali%3Aactivity%3A6731448253524545536
11/12/20 2:48,LIKE,https://www.linkedin.com/feed/update/urn%3Ali%3Aactivity%3A6730395526379905024
11/11/20 3:30,LIKE,https://www.linkedin.com/feed/update/urn%3Ali%3Aactivity%3A6731454436335595521
11/10/20 7:21,LIKE,https://www.linkedin.com/feed/update/urn%3Ali%3Aactivity%3A6731796656188129280
11/10/20 5:24,LIKE,https://www.linkedin.com/feed/update/urn%3Ali%3Aactivity%3A6731644353430728704
11/10/20 5:23,LIKE,https://www.linkedin.com/feed/update/urn%3Ali%3Aactivity%3A6731646688991305728
11/6/20 19:17,LIKE,https://www.linkedin.com/feed/update/urn%3Ali%3Aactivity%3A6726693685519519745
11/6/20 19:16,LIKE,https://www.linkedin.com/feed/update/urn%3Ali%3AugcPost%3A6730547070152839169
11/6/20 18:58,LIKE,https://www.linkedin.com/feed/update/urn%3Ali%3Aactivity%3A6725817071181148160
11/4/20 16:49,LIKE,https://www.linkedin.com/feed/update/urn%3Ali%3Aactivity%3A6729772970086076416
11/4/20 16:49,LIKE,https://www.linkedin.com/feed/update/urn%3Ali%3Aactivity%3A6729267016378781696
11/3/20 15:01,LIKE,https://www.linkedin.com/feed/update/urn%3Ali%3Aactivity%3A6728838421973889024
11/1/20 11:55,LIKE,https://www.linkedin.com/feed/update/urn%3Ali%3Aactivity%3A6726115135561244672?commentUrn=urn%3Ali%3Acomment%3A%28activity%3A6726115135561244672%2C6726119651279028224%29
10/19/20 16:52,LIKE,https://www.linkedin.com/feed/update/urn%3Ali%3Aactivity%3A6723897244686405632
10/19/20 16:47,LIKE,https://www.linkedin.com/feed/update/urn%3Ali%3Aactivity%3A6723311371188105216
10/19/20 16:46,LIKE,https://www.linkedin.com/feed/update/urn%3Ali%3Aarticle%3A7587370695082783742
10/19/20 16:46,LIKE,https://www.linkedin.com/feed/update/urn%3Ali%3Aactivity%3A6723827298514038784
10/19/20 2:56,LIKE,https://www.linkedin.com/feed/update/urn%3Ali%3Aactivity%3A6722767889776087040
10/16/20 7:18,LIKE,https://www.linkedin.com/feed/update/urn%3Ali%3Aactivity%3A6722353941411196928
10/14/20 13:54,LIKE,https://www.linkedin.com/feed/update/urn%3Ali%3Aactivity%3A6721274078902194176
10/14/20 13:54,LIKE,https://www.linkedin.com/feed/update/urn%3Ali%3Aactivity%3A6721828055981035520
10/14/20 13:54,LIKE,https://www.linkedin.com/feed/update/urn%3Ali%3Aactivity%3A6721757017217884160
10/12/20 4:22,LIKE,https://www.linkedin.com/feed/update/urn%3Ali%3Aarticle%3A8658148248408762613
10/12/20 4:21,LIKE,https://www.linkedin.com/feed/update/urn%3Ali%3Aarticle%3A9128073406546071323
10/11/20 5:55,LIKE,https://www.linkedin.com/feed/update/urn%3Ali%3Aactivity%3A6717525667262685184
10/10/20 13:03,LIKE,https://www.linkedin.com/feed/update/urn%3Ali%3Aactivity%3A6717973304629706752
10/9/20 17:37,LIKE,https://www.linkedin.com/feed/update/urn%3Ali%3Aactivity%3A6719249387077410817
10/9/20 13:18,LIKE,https://www.linkedin.com/feed/update/urn%3Ali%3Aactivity%3A6720294198974709760
10/8/20 11:33,LIKE,https://www.linkedin.com/feed/update/urn%3Ali%3Aactivity%3A6719553452873154560
10/8/20 11:31,LIKE,https://www.linkedin.com/feed/update/urn%3Ali%3AugcPost%3A6714876329512247296
10/5/20 7:17,LIKE,https://www.linkedin.com/feed/update/urn%3Ali%3Aactivity%3A6717446252763611136
10/5/20 7:13,LIKE,https://www.linkedin.com/feed/update/urn%3Ali%3Aactivity%3A6718128499128881152
10/5/20 7:06,LIKE,https://www.linkedin.com/feed/update/urn%3Ali%3Aactivity%3A6718771823166730240
10/2/20 19:34,LIKE,https://www.linkedin.com/feed/update/urn%3Ali%3Aactivity%3A6717693316261044224
10/1/20 13:11,LIKE,https://www.linkedin.com/feed/update/urn%3Ali%3Aactivity%3A6716748535141933056
10/1/20 13:10,LIKE,https://www.linkedin.com/feed/update/urn%3Ali%3Aactivity%3A6715245066467856385
9/30/20 3:50,LIKE,https://www.linkedin.com/feed/update/urn%3Ali%3AugcPost%3A6713794985373810688
9/29/20 15:05,LIKE,https://www.linkedin.com/feed/update/urn%3Ali%3Aactivity%3A6714175046996246528
9/29/20 14:31,LIKE,https://www.linkedin.com/feed/update/urn%3Ali%3AugcPost%3A6716699000608739328
9/29/20 5:17,LIKE,https://www.linkedin.com/feed/update/urn%3Ali%3Aactivity%3A6711505569829707776
9/27/20 10:28,LIKE,https://www.linkedin.com/feed/update/urn%3Ali%3Aactivity%3A6712246706337042432
9/26/20 6:46,LIKE,https://www.linkedin.com/feed/update/urn%3Ali%3Aactivity%3A6715319881971175424
9/24/20 12:23,LIKE,https://www.linkedin.com/feed/update/urn%3Ali%3AugcPost%3A6714621963970715648
9/24/20 4:12,LIKE,https://www.linkedin.com/feed/update/urn%3Ali%3Aactivity%3A6713703354574413824
9/24/20 4:11,LIKE,https://www.linkedin.com/feed/update/urn%3Ali%3Aactivity%3A6709901164747522048
9/23/20 16:08,LIKE,https://www.linkedin.com/feed/update/urn%3Ali%3Aactivity%3A6714512834123890688
9/23/20 6:14,LIKE,https://www.linkedin.com/feed/update/urn%3Ali%3Aactivity%3A6700025716748242944?commentUrn=urn%3Ali%3Acomment%3A%28activity%3A6700025716748242944%2C6703040791285235712%29
9/20/20 19:26,LIKE,https://www.linkedin.com/feed/update/urn%3Ali%3Aactivity%3A6712118626251509761
9/20/20 19:14,LIKE,https://www.linkedin.com/feed/update/urn%3Ali%3AugcPost%3A6713138155777736704
9/20/20 19:05,LIKE,https://www.linkedin.com/feed/update/urn%3Ali%3Aactivity%3A6712742506917965824
9/20/20 13:23,LIKE,https://www.linkedin.com/feed/update/urn%3Ali%3Aactivity%3A6709651064267804675
9/13/20 6:52,LIKE,https://www.linkedin.com/feed/update/urn%3Ali%3Aactivity%3A6710164738279567360
9/10/20 7:16,LIKE,https://www.linkedin.com/feed/update/urn%3Ali%3Aactivity%3A6709695444034887680
9/9/20 8:35,LIKE,https://www.linkedin.com/feed/update/urn%3Ali%3Aactivity%3A6709363286699196416
9/8/20 15:51,LIKE,https://www.linkedin.com/feed/update/urn%3Ali%3Aactivity%3A6709118116246364160
9/7/20 9:09,LIKE,https://www.linkedin.com/feed/update/urn%3Ali%3Aactivity%3A6708463287983505408
9/7/20 9:09,LIKE,https://www.linkedin.com/feed/update/urn%3Ali%3Aactivity%3A6704739837989154817
9/7/20 9:09,LIKE,https://www.linkedin.com/feed/update/urn%3Ali%3Aactivity%3A6705117492307726336
9/7/20 9:08,LIKE,https://www.linkedin.com/feed/update/urn%3Ali%3Aactivity%3A6704410342405017600
9/6/20 8:07,LIKE,https://www.linkedin.com/feed/update/urn%3Ali%3Aactivity%3A6617970067034468352
9/4/20 19:33,LIKE,https://www.linkedin.com/feed/update/urn%3Ali%3AugcPost%3A6707029633390518273
9/4/20 19:28,LIKE,https://www.linkedin.com/feed/update/urn%3Ali%3Aactivity%3A6704467721209335808
8/29/20 9:10,LIKE,https://www.linkedin.com/feed/update/urn%3Ali%3Aactivity%3A6705233634246316032
8/29/20 8:11,LIKE,https://www.linkedin.com/feed/update/urn%3Ali%3Aactivity%3A6705179947180294145
8/28/20 18:34,LIKE,https://www.linkedin.com/feed/update/urn%3Ali%3Aactivity%3A6705044902968877056
8/22/20 5:51,LIKE,https://www.linkedin.com/feed/update/urn%3Ali%3Aarticle%3A8452448464780908118
8/21/20 20:03,LIKE,https://www.linkedin.com/feed/update/urn%3Ali%3Aactivity%3A6701646400918220800
8/17/20 14:23,LIKE,https://www.linkedin.com/feed/update/urn%3Ali%3Aactivity%3A6697892908357492736
8/15/20 12:52,LIKE,https://www.linkedin.com/feed/update/urn%3Ali%3Aactivity%3A6696834138919464960
8/15/20 12:52,LIKE,https://www.linkedin.com/feed/update/urn%3Ali%3Aactivity%3A6696500815139610624
8/15/20 12:52,LIKE,https://www.linkedin.com/feed/update/urn%3Ali%3Aactivity%3A6696814366467112960
8/15/20 12:51,LIKE,https://www.linkedin.com/feed/update/urn%3Ali%3Aactivity%3A6697795521244880896
8/15/20 10:57,LIKE,https://www.linkedin.com/feed/update/urn%3Ali%3Aactivity%3A6699237616425938944
7/27/20 14:30,LIKE,https://www.linkedin.com/feed/update/urn%3Ali%3Aactivity%3A6692387062554910720?commentUrn=urn%3Ali%3Acomment%3A%28activity%3A6692387062554910720%2C6693046969742561280%29
7/2/20 16:36,LIKE,https://www.linkedin.com/feed/update/urn%3Ali%3Aactivity%3A6683582173729058816?commentUrn=urn%3Ali%3Acomment%3A%28activity%3A6683582173729058816%2C6684492560637018112%29
6/30/20 12:50,LIKE,https://www.linkedin.com/feed/update/urn%3Ali%3Aactivity%3A6682572730673479680
6/16/20 13:26,LIKE,https://www.linkedin.com/feed/update/urn%3Ali%3Aactivity%3A6678546709733244928
6/14/20 19:07,LIKE,https://www.linkedin.com/feed/update/urn%3Ali%3Aactivity%3A6677842722612756480
6/12/20 9:46,LIKE,https://www.linkedin.com/feed/update/urn%3Ali%3Aactivity%3A6676657955112333312
6/5/20 19:24,LIKE,https://www.linkedin.com/feed/update/urn%3Ali%3Aactivity%3A6674734099141287936
6/4/20 6:00,LIKE,https://www.linkedin.com/feed/update/urn%3Ali%3AugcPost%3A6673976688004726784
6/2/20 11:07,LIKE,https://www.linkedin.com/feed/update/urn%3Ali%3Aactivity%3A6673327292653166592
6/2/20 7:45,LIKE,https://www.linkedin.com/feed/update/urn%3Ali%3Aactivity%3A6673421580334460928
6/1/20 18:43,LIKE,https://www.linkedin.com/feed/update/urn%3Ali%3Aactivity%3A6672934666116460544
6/1/20 10:42,LIKE,https://www.linkedin.com/feed/update/urn%3Ali%3Aactivity%3A6669102866608857088
5/31/20 5:08,LIKE,https://www.linkedin.com/feed/update/urn%3Ali%3Aactivity%3A6672416797590986752
5/31/20 5:06,LIKE,https://www.linkedin.com/feed/update/urn%3Ali%3Aactivity%3A6672544450201313280
5/29/20 3:47,LIKE,https://www.linkedin.com/feed/update/urn%3Ali%3Aactivity%3A6668684890243964928
5/29/20 3:47,LIKE,https://www.linkedin.com/feed/update/urn%3Ali%3Aactivity%3A6671838038835945472
5/29/20 3:44,LIKE,https://www.linkedin.com/feed/update/urn%3Ali%3Aactivity%3A6671610082582757376?commentUrn=urn%3Ali%3Acomment%3A%28activity%3A6671610082582757376%2C6671778528905842688%29
5/27/20 2:36,LIKE,https://www.linkedin.com/feed/update/urn%3Ali%3Aactivity%3A6671170997330165760
5/25/20 18:08,LIKE,https://www.linkedin.com/feed/update/urn%3Ali%3Aactivity%3A6670717922975055872?commentUrn=urn%3Ali%3Acomment%3A%28activity%3A6670717922975055872%2C6670746003110551552%29
5/25/20 15:26,LIKE,https://www.linkedin.com/feed/update/urn%3Ali%3Aactivity%3A6664892594419572737?commentUrn=urn%3Ali%3Acomment%3A%28activity%3A6664892594419572737%2C6667516713027936256%29
5/24/20 19:24,LIKE,https://www.linkedin.com/feed/update/urn%3Ali%3Aactivity%3A6669957801202257920
5/24/20 2:18,LIKE,https://www.linkedin.com/feed/update/urn%3Ali%3Aactivity%3A6669952877349392384
5/23/20 19:00,LIKE,https://www.linkedin.com/feed/update/urn%3Ali%3Aactivity%3A6670034317596487680
5/22/20 17:24,LIKE,https://www.linkedin.com/feed/update/urn%3Ali%3Aactivity%3A6669637418968334338
5/22/20 11:40,LIKE,https://www.linkedin.com/feed/update/urn%3Ali%3Aactivity%3A6669268039286030336?commentUrn=urn%3Ali%3Acomment%3A%28activity%3A6669268039286030336%2C6669309760912945152%29
5/21/20 17:56,LIKE,https://www.linkedin.com/feed/update/urn%3Ali%3AugcPost%3A6669235368363204608?commentUrn=urn%3Ali%3Acomment%3A%28ugcPost%3A6669235368363204608%2C6669294160530554880%29
5/20/20 18:07,LIKE,https://www.linkedin.com/feed/update/urn%3Ali%3Aactivity%3A6668897503091539968
5/20/20 17:13,LIKE,https://www.linkedin.com/feed/update/urn%3Ali%3Aactivity%3A6668892594141065216
5/20/20 11:52,LIKE,https://www.linkedin.com/feed/update/urn%3Ali%3Aactivity%3A6667152685361369088
5/19/20 19:43,LIKE,https://www.linkedin.com/feed/update/urn%3Ali%3Aactivity%3A6663995727112347649
5/19/20 19:27,LIKE,https://www.linkedin.com/feed/update/urn%3Ali%3Aactivity%3A6665848575613902848
5/19/20 19:26,LIKE,https://www.linkedin.com/feed/update/urn%3Ali%3Aactivity%3A6668392558965620736
5/18/20 15:03,LIKE,https://www.linkedin.com/feed/update/urn%3Ali%3Aactivity%3A6667510708365860865
5/18/20 15:03,LIKE,https://www.linkedin.com/feed/update/urn%3Ali%3Aactivity%3A6668052031061811200
5/18/20 8:14,LIKE,https://www.linkedin.com/feed/update/urn%3Ali%3Aactivity%3A6667637876672524288
5/17/20 19:16,LIKE,https://www.linkedin.com/feed/update/urn%3Ali%3Aactivity%3A6663994681908580352
5/14/20 18:29,LIKE,https://www.linkedin.com/feed/update/urn%3Ali%3Aactivity%3A6666738362604498944
5/14/20 9:37,LIKE,https://www.linkedin.com/feed/update/urn%3Ali%3Aactivity%3A6664045728358367232
5/14/20 3:35,LIKE,https://www.linkedin.com/feed/update/urn%3Ali%3Aactivity%3A6666318733058940928
5/12/20 18:23,LIKE,https://www.linkedin.com/feed/update/urn%3Ali%3Aactivity%3A6663190193958457345
5/11/20 4:07,LIKE,https://www.linkedin.com/feed/update/urn%3Ali%3Aactivity%3A6661163613979459585
5/11/20 4:01,LIKE,https://www.linkedin.com/feed/update/urn%3Ali%3Aactivity%3A6665003076035887104
5/9/20 14:53,LIKE,https://www.linkedin.com/feed/update/urn%3Ali%3Aactivity%3A6664770619730731008
5/4/20 5:34,LIKE,https://www.linkedin.com/feed/update/urn%3Ali%3Aactivity%3A6659586997520343040
4/23/20 7:30,LIKE,https://www.linkedin.com/feed/update/urn%3Ali%3Aactivity%3A6658855748493279232
3/24/20 8:20,LIKE,https://www.linkedin.com/feed/update/urn%3Ali%3Aactivity%3A6646833987425751041
3/23/20 13:37,LIKE,https://www.linkedin.com/feed/update/urn%3Ali%3Aactivity%3A6644057196365660160
3/21/20 13:24,LIKE,https://www.linkedin.com/feed/update/urn%3Ali%3Aactivity%3A6646888354895978496
3/21/20 13:23,LIKE,https://www.linkedin.com/feed/update/urn%3Ali%3Aactivity%3A6646816603478519808
3/20/20 13:13,LIKE,https://www.linkedin.com/feed/update/urn%3Ali%3Aactivity%3A6646272629617545216
3/15/20 3:47,LIKE,https://www.linkedin.com/feed/update/urn%3Ali%3Aactivity%3A6644484647164219392?commentUrn=urn%3Ali%3Acomment%3A%28activity%3A6644484647164219392%2C6644606482446974976%29
2/27/20 4:45,LIKE,https://www.linkedin.com/feed/update/urn%3Ali%3Aactivity%3A6638652900044304384
2/27/20 4:45,LIKE,https://www.linkedin.com/feed/update/urn%3Ali%3Aactivity%3A6638652754984308736
2/24/20 12:51,LIKE,https://www.linkedin.com/feed/update/urn%3Ali%3Aactivity%3A6634421049943519232
2/22/20 12:12,LIKE,https://www.linkedin.com/feed/update/urn%3Ali%3Aactivity%3A6630578184410763264
1/9/20 16:14,LIKE,https://www.linkedin.com/feed/update/urn%3Ali%3Aactivity%3A6620216754750742528
11/2/19 8:15,LIKE,https://www.linkedin.com/feed/update/urn%3Ali%3Aactivity%3A6596097132732653568
11/1/19 8:22,LIKE,https://www.linkedin.com/feed/update/urn%3Ali%3AugcPost%3A6590961499475320832
10/28/19 21:08,LIKE,https://www.linkedin.com/feed/update/urn%3Ali%3Aarticle%3A8085404107157329636
9/12/19 20:29,LIKE,https://www.linkedin.com/feed/update/urn%3Ali%3Aactivity%3A6576893535243644928?commentUrn=urn%3Ali%3Acomment%3A%28activity%3A6576893535243644928%2C6577899524625391616%29
9/2/19 12:51,LIKE,https://www.linkedin.com/feed/update/urn%3Ali%3Aactivity%3A6572866648238325760
8/30/19 2:09,LIKE,https://www.linkedin.com/feed/update/urn%3Ali%3Aactivity%3A6568904639117393920
8/27/19 4:31,LIKE,https://www.linkedin.com/feed/update/urn%3Ali%3Aactivity%3A6569894784385806336
8/26/19 11:11,LIKE,https://www.linkedin.com/feed/update/urn%3Ali%3Aactivity%3A6571209014422589440
8/25/19 14:06,LIKE,https://www.linkedin.com/feed/update/urn%3Ali%3Aactivity%3A6566747684865089536
8/25/19 6:41,LIKE,https://www.linkedin.com/feed/update/urn%3Ali%3Aactivity%3A6566113994678079488
8/24/19 17:26,LIKE,https://www.linkedin.com/feed/update/urn%3Ali%3Aactivity%3A6566324588643487744
8/23/19 20:55,LIKE,https://www.linkedin.com/feed/update/urn%3Ali%3Aactivity%3A6569971420451872768
11/27/17 16:28,LIKE,https://www.linkedin.com/feed/update/urn%3Ali%3Aactivity%3A6337877226096300032
9/26/17 12:25,LIKE,https://www.linkedin.com/feed/update/urn%3Ali%3Aactivity%3A6317543409707941890