Organization,Followed On
hushh.ai,Fri Aug 18 18:26:18 UTC 2023
"Target Labs, Inc.",Sat Jul 22 19:14:09 UTC 2023
Open Lending,Thu Jul 20 19:51:41 UTC 2023
Omaha Public Power District,Sat Apr 29 01:00:25 UTC 2023
Jarvis Elliott,Mon Apr 17 08:28:27 UTC 2023
Harbor Health,Fri Apr 14 20:58:21 UTC 2023
Xplor,Fri Apr 14 20:51:49 UTC 2023
AnChain.AI,Thu Apr 13 15:37:27 UTC 2023
"U.S. Xpress, Inc.",Tue Apr 11 20:59:08 UTC 2023
Afficiency,Tue Apr 11 18:48:50 UTC 2023
Alignment Health,Thu Apr 06 04:56:23 UTC 2023
Premise,Mon Apr 03 23:22:12 UTC 2023
Agile Datapro,Mon Apr 03 23:21:33 UTC 2023
Copart,Fri Mar 31 00:48:47 UTC 2023
Robert Madden Industries,Fri Mar 31 00:38:55 UTC 2023
MVP,Thu Mar 30 02:31:01 UTC 2023
Endeavor,Sun Mar 26 23:54:20 UTC 2023
eHire,Sun Mar 26 23:53:13 UTC 2023
UST,Sun Mar 26 23:30:32 UTC 2023
Ascendion,Thu Mar 23 19:12:11 UTC 2023
CommCreative,Thu Mar 23 18:13:38 UTC 2023
Brightwell,Mon Mar 20 19:39:35 UTC 2023
Informa Markets,Wed Mar 15 00:51:02 UTC 2023
Skechers,Wed Mar 15 00:45:39 UTC 2023
GH Labs,Mon Mar 13 21:25:01 UTC 2023
Data Visualization,Sun Mar 12 11:57:52 UTC 2023
Data Science,Sun Mar 12 11:57:16 UTC 2023
Artificial Neural Networks,Sun Mar 12 11:46:39 UTC 2023
Data Analytics,Sun Mar 12 11:41:38 UTC 2023
Data Mining,Sun Mar 12 10:46:48 UTC 2023
ID.me,Sat Mar 04 22:17:15 UTC 2023
"Chemix, Inc.",Sat Mar 04 21:29:16 UTC 2023
Medium,Thu Feb 09 02:02:06 UTC 2023
Metia,Thu Feb 09 00:32:39 UTC 2023
tms,Mon Feb 06 21:29:00 UTC 2023
Trend Micro,Mon Feb 06 13:34:37 UTC 2023
Beyond Finance,Tue Jan 31 23:06:08 UTC 2023
Smith & Associates,Tue Jan 24 22:19:34 UTC 2023
Oracle,Sat Dec 17 18:54:20 UTC 2022
Bosch,Sat Dec 10 03:02:41 UTC 2022
Nextdoor,Sat Nov 19 00:32:28 UTC 2022
Asana,Sun Nov 06 19:24:45 UTC 2022
Palo Alto Networks,Sun Nov 06 19:08:48 UTC 2022
"Qorvo, Inc.",Fri Sep 09 16:46:11 UTC 2022
Hosta a.i.,Thu Sep 08 19:32:06 UTC 2022
Spring,Mon Sep 05 21:25:53 UTC 2022
Hewlett Packard Enterprise,Mon Sep 05 21:10:17 UTC 2022
Tesla,Thu Aug 25 03:11:59 UTC 2022
Control Risks,Sat Aug 20 00:53:47 UTC 2022
TransUnion,Fri Jul 08 06:49:13 UTC 2022
Nokia,Tue Jun 28 04:53:35 UTC 2022
Open Data Science Conference (ODSC),Fri Jun 24 05:51:55 UTC 2022
Paro.ai,Sat Mar 12 05:21:17 UTC 2022
SiteOne Landscape Supply,Thu Feb 03 20:09:43 UTC 2022
Eluvio,Mon Jan 31 03:34:03 UTC 2022
MongoDB,Mon Jan 31 01:41:15 UTC 2022
The Hyper Fuel | Digital Marketing Agency,Sun Jan 30 07:33:45 UTC 2022
Allen & Gerritsen,Sun Jan 30 03:30:01 UTC 2022
LinkedIn,Sun Jan 30 03:28:32 UTC 2022
Alife,Sat Jan 29 20:11:10 UTC 2022
Poshmark,Sat Jan 29 17:53:48 UTC 2022
GoHealth,Sat Jan 29 17:31:40 UTC 2022
Cloudflare,Sat Jan 29 16:47:43 UTC 2022
Bandwidth Inc.,Sat Jan 29 16:30:49 UTC 2022
Data Science Student ,Sun Jan 23 15:25:59 UTC 2022
ResumePuppy,Sat Dec 25 18:46:09 UTC 2021
PW Skills,Thu Oct 14 19:50:51 UTC 2021
Thype,Wed Oct 13 21:57:47 UTC 2021
Mobinity Global,Wed Oct 06 20:55:32 UTC 2021
Sartre Group,Mon Oct 04 18:33:48 UTC 2021
Fortune 5000 Group,Mon Oct 04 18:33:16 UTC 2021
NielsenIQ,Mon Oct 04 18:32:27 UTC 2021
Experian,Mon Oct 04 18:30:26 UTC 2021
Manhattan Communications India Pvt. Ltd,Mon May 31 05:14:24 UTC 2021
Musubi Management ,Mon May 31 05:13:44 UTC 2021
YouGov,Sat May 29 12:36:37 UTC 2021
Tata Consultancy Services,Thu Mar 30 20:30:46 UTC 2023
PTW,Tue May 25 13:27:09 UTC 2021
Data Template,Tue May 25 07:38:13 UTC 2021
Western Digital,Tue May 25 07:35:04 UTC 2021
GALE,Tue May 25 06:55:40 UTC 2021
Merilytics,Tue May 25 06:51:06 UTC 2021
Crejo.Fun,Tue May 25 06:50:04 UTC 2021
Verloop.io,Tue May 25 06:49:38 UTC 2021
Ecosystm,Tue May 25 06:49:02 UTC 2021
BetterPlace Money,Mon May 24 16:18:39 UTC 2021
TransUnion,Mon May 24 16:18:06 UTC 2021
D&B Technologies & Data Services,Mon May 24 16:08:17 UTC 2021
Tanimate Learning,Mon May 24 16:07:34 UTC 2021
Tide,Sun May 23 18:44:58 UTC 2021
Upraised,Sun May 23 18:42:39 UTC 2021
SkilloVilla,Sun May 23 10:09:47 UTC 2021
BluSmart,Sat May 22 13:35:34 UTC 2021
BuzzBoard,Sat May 22 13:34:42 UTC 2021
JBN Technologies Private Limited,Sat May 22 13:33:59 UTC 2021
Selling Simplified,Sat May 22 13:33:11 UTC 2021
Saral Designs,Sun May 02 12:52:02 UTC 2021
Netradyne,Sun May 02 12:50:56 UTC 2021
HrSolutions,Sun May 02 12:47:54 UTC 2021