Saved Date,Job Url,Job Title,Company Name
"7/28/22, 7:31 AM",http://www.linkedin.com/jobs/view/3191708630,Data Science Intern,MarsX
"2/3/22, 6:23 PM",http://www.linkedin.com/jobs/view/2888395358,Data Quality Process Engineering Intern - Summer 2022,Lenovo
"9/8/21, 9:35 PM",http://www.linkedin.com/jobs/view/2707854794,LatinX in Machine Learning & Quantitative Modeling,JPMorgan Chase & Co.
"2/3/22, 6:23 PM",http://www.linkedin.com/jobs/view/2904637346,Data Analyst,Notable
"9/8/21, 9:34 PM",http://www.linkedin.com/jobs/view/2699916824,Campus Graduate - 2022 Finance Data Science Summer Internship,American Express
"2/3/22, 6:24 PM",http://www.linkedin.com/jobs/view/2883071945,Quant Analytics,JPMorgan Chase & Co.
"8/7/22, 3:50 PM",http://www.linkedin.com/jobs/view/3198091438,Data Science Intern,Oracle
"2/3/22, 6:24 PM",http://www.linkedin.com/jobs/view/2903443658,Data Science Intern,Convocean
"1/26/23, 8:02 AM",http://www.linkedin.com/jobs/view/3379617900,2023 UberSTAR Internship Program - Data Science,Uber
"1/23/22, 1:44 PM",http://www.linkedin.com/jobs/view/2881167447,Data Scientist Intern,Taboola
"3/2/22, 10:31 PM",http://www.linkedin.com/jobs/view/2933591865,Intern - Data Science,Micron Technology
"2/3/22, 6:24 PM",http://www.linkedin.com/jobs/view/2904459076,Intern - data scientist,Medidata Solutions
"9/3/20, 6:37 AM",http://www.linkedin.com/jobs/view/2000012509,Data Mining Intern,Skit.ai
